date       ,temperature ,wind_speed ,wind_degree ,weather_code ,precip               ,humidity ,visibility ,pressure ,cloudcover ,heatindex ,dewpoint ,windchill ,windgust ,feelslike ,chanceofrain ,chanceofremdry ,chanceofwindy ,chanceofovercast ,chanceofsunshine ,chanceoffrost ,chanceofhightemp ,chanceoffog ,chanceofsnow ,chanceofthunder ,uv_index
2023-05-05 ,     12.125 ,     6.375 ,    213.5   ,     116.75  ,0.0                  ,  69.125 ,    10.0   ,1019.875 ,    43.125 ,   12.125 ,5.5      ,   11.625 ,  12.375 ,   11.625 ,         0.0 ,           0.0 ,          0.0 ,             0.0 ,             0.0 ,          0.0 ,             0.0 ,        0.0 ,         0.0 ,            0.0 ,   2.5
2023-05-06 ,     14.375 ,     4.125 ,     92.75  ,     117.875 ,0.0                  ,  65.125 ,    10.0   ,1023.75  ,    63.875 ,   14.375 ,7.0      ,   14.375 ,   9.0   ,   14.375 ,         0.0 ,           0.0 ,          0.0 ,             0.0 ,             0.0 ,          0.0 ,             0.0 ,        0.0 ,         0.0 ,            0.0 ,   2.25
2023-05-07 ,     18.125 ,     5.0   ,    216.25  ,     146.375 ,0.1625               ,  69.5   ,    10.0   ,1018.25  ,    46.75  ,   18.625 ,12.625   ,   18.125 ,  11.5   ,   18.625 ,         0.0 ,           0.0 ,          0.0 ,             0.0 ,             0.0 ,          0.0 ,             0.0 ,        0.0 ,         0.0 ,            0.0 ,   3.25
2023-05-08 ,     20.75  ,     7.875 ,    230.25  ,     119.75  ,0.0                  ,  80.5   ,     6.125 ,1011.625 ,    82.625 ,   21.25  ,16.5     ,   20.75  ,  17.25  ,   21.25  ,         0.0 ,           0.0 ,          0.0 ,             0.0 ,             0.0 ,          0.0 ,             0.0 ,        0.0 ,         0.0 ,            0.0 ,   3.125
2023-05-09 ,     16.0   ,     7.375 ,    152.25  ,     147.875 ,0.0625               ,  88.25  ,     8.0   ,1011.125 ,    81.625 ,   16.0   ,12.875   ,   15.875 ,  14.25  ,   15.875 ,         0.0 ,           0.0 ,          0.0 ,             0.0 ,             0.0 ,          0.0 ,             0.0 ,        0.0 ,         0.0 ,            0.0 ,   2.375
2023-05-10 ,     15.375 ,     6.625 ,    290.5   ,     113.0   ,0.0                  ,  65.625 ,     7.0   ,1021.625 ,     9.375 ,   16.0   ,7.625    ,   15.125 ,  10.625 ,   15.375 ,         0.0 ,           0.0 ,          0.0 ,             0.0 ,             0.0 ,          0.0 ,             0.0 ,        0.0 ,         0.0 ,            0.0 ,   2.875
2023-05-11 ,     18.375 ,     6.75  ,    216.875 ,     113.0   ,0.0                  ,  67.0   ,    10.0   ,1021.5   ,    12.375 ,   18.5   ,11.25    ,   18.125 ,  11.75  ,   18.25  ,         0.0 ,           0.0 ,          0.0 ,             0.0 ,             0.0 ,          0.0 ,             0.0 ,        0.0 ,         0.0 ,            0.0 ,   3.125
2023-05-12 ,     21.125 ,     6.75  ,    233.875 ,     114.125 ,0.0                  ,  68.625 ,    10.0   ,1019.75  ,    23.625 ,   21.875 ,14.875   ,   21.0   ,  11.375 ,   21.375 ,         0.0 ,           0.0 ,          0.0 ,             0.0 ,             0.0 ,          0.0 ,             0.0 ,        0.0 ,         0.0 ,            0.0 ,   3.25
2023-05-13 ,     20.0   ,     5.875 ,    129.125 ,     201.5   ,0.85                 ,  87.625 ,     8.0   ,1018.875 ,    86.75  ,   20.5   ,17.5     ,   20.0   ,  13.0   ,   20.0   ,         0.0 ,           0.0 ,          0.0 ,             0.0 ,             0.0 ,          0.0 ,             0.0 ,        0.0 ,         0.0 ,            0.0 ,   2.875
2023-05-14 ,     18.875 ,     9.5   ,    151.125 ,     115.625 ,0.0                  ,  61.75  ,     9.0   ,1021.625 ,    38.5   ,   19.5   ,10.5     ,   18.75  ,  15.125 ,   19.375 ,         0.0 ,           0.0 ,          0.0 ,             0.0 ,             0.0 ,          0.0 ,             0.0 ,        0.0 ,         0.0 ,            0.0 ,   3.125
2023-05-15 ,     17.75  ,     7.375 ,    176.125 ,     114.125 ,0.0                  ,  49.625 ,    10.0   ,1024.0   ,    17.25  ,   18.125 ,6.25     ,   17.375 ,  14.75  ,   17.5   ,         0.0 ,           0.0 ,          0.0 ,             0.0 ,             0.0 ,          0.0 ,             0.0 ,        0.0 ,         0.0 ,            0.0 ,   2.875
2023-05-16 ,     17.25  ,     8.875 ,    234.625 ,     130.25  ,0.0625               ,  81.25  ,     8.375 ,1012.0   ,    41.375 ,   17.875 ,12.75    ,   16.875 ,  17.875 ,   17.125 ,         0.0 ,           0.0 ,          0.0 ,             0.0 ,             0.0 ,          0.0 ,             0.0 ,        0.0 ,         0.0 ,            0.0 ,   3.0
2023-05-17 ,     17.5   ,    13.875 ,    216.375 ,     137.75  ,0.1375               ,  60.75  ,    10.0   ,1010.375 ,    21.625 ,   18.0   ,8.125    ,   17.25  ,  23.0   ,   17.375 ,         0.0 ,           0.0 ,          0.0 ,             0.0 ,             0.0 ,          0.0 ,             0.0 ,        0.0 ,         0.0 ,            0.0 ,   3.125
2023-05-18 ,     15.0   ,    10.375 ,     81.25  ,     113.0   ,0.0                  ,  45.375 ,    10.0   ,1022.875 ,     1.5   ,   15.25  ,3.0      ,   14.5   ,  19.375 ,   14.5   ,         0.0 ,           0.0 ,          0.0 ,             0.0 ,             0.0 ,          0.0 ,             0.0 ,        0.0 ,         0.0 ,            0.0 ,   2.75
2023-05-19 ,     16.375 ,    11.125 ,    138.75  ,     117.125 ,0.0                  ,  69.875 ,     9.0   ,1023.75  ,    50.25  ,   16.875 ,9.875    ,   16.25  ,  20.25  ,   16.375 ,         0.0 ,           0.0 ,          0.0 ,             0.0 ,             0.0 ,          0.0 ,             0.0 ,        0.0 ,         0.0 ,            0.0 ,   2.875
2023-05-20 ,     18.5   ,     5.875 ,    241.375 ,     125.375 ,0.037500000000000006 ,  80.0   ,     6.5   ,1016.125 ,    63.5   ,   19.0   ,13.875   ,   18.5   ,  10.625 ,   19.0   ,         0.0 ,           0.0 ,          0.0 ,             0.0 ,             0.0 ,          0.0 ,             0.0 ,        0.0 ,         0.0 ,            0.0 ,   3.0
2023-05-21 ,     18.5   ,    12.375 ,    305.75  ,     136.625 ,0.08750000000000001  ,  62.125 ,    10.0   ,1016.875 ,    21.0   ,   18.5   ,10.25    ,   18.25  ,  21.25  ,   18.25  ,         0.0 ,           0.0 ,          0.0 ,             0.0 ,             0.0 ,          0.0 ,             0.0 ,        0.0 ,         0.0 ,            0.0 ,   3.125
2023-05-22 ,     19.75  ,     7.625 ,    123.25  ,     113.375 ,0.0                  ,  59.5   ,    10.0   ,1019.75  ,    18.625 ,   19.875 ,11.125   ,   19.75  ,  15.0   ,   19.875 ,         0.0 ,           0.0 ,          0.0 ,             0.0 ,             0.0 ,          0.0 ,             0.0 ,        0.0 ,         0.0 ,            0.0 ,   3.375
2023-05-23 ,     17.625 ,    10.625 ,     85.0   ,     113.0   ,0.0                  ,  64.75  ,    10.0   ,1024.125 ,    15.25  ,   17.75  ,10.0     ,   17.625 ,  18.375 ,   17.75  ,         0.0 ,           0.0 ,          0.0 ,             0.0 ,             0.0 ,          0.0 ,             0.0 ,        0.0 ,         0.0 ,            0.0 ,   3.125
2023-05-24 ,     17.5   ,     6.5   ,     71.125 ,     117.125 ,0.0                  ,  61.25  ,    10.0   ,1018.125 ,    46.5   ,   17.75  ,8.375    ,   17.25  ,  13.0   ,   17.5   ,         0.0 ,           0.0 ,          0.0 ,             0.0 ,             0.0 ,          0.0 ,             0.0 ,        0.0 ,         0.0 ,            0.0 ,   2.75
2023-05-25 ,     16.625 ,    12.25  ,     18.875 ,     114.5   ,0.0                  ,  45.75  ,    10.0   ,1019.25  ,    21.0   ,   17.0   ,4.125    ,   15.875 ,  21.375 ,   16.0   ,         0.0 ,           0.0 ,          0.0 ,             0.0 ,             0.0 ,          0.0 ,             0.0 ,        0.0 ,         0.0 ,            0.0 ,   2.875
2023-05-26 ,     16.375 ,     9.375 ,     54.625 ,     113.0   ,0.0                  ,  52.75  ,    10.0   ,1022.875 ,     7.25  ,   16.75  ,6.25     ,   16.375 ,  16.125 ,   16.5   ,         0.0 ,           0.0 ,          0.0 ,             0.0 ,             0.0 ,          0.0 ,             0.0 ,        0.0 ,         0.0 ,            0.0 ,   3.0
2023-05-27 ,     16.875 ,    12.125 ,     76.75  ,     113.0   ,0.0                  ,  52.125 ,    10.0   ,1025.625 ,     9.75  ,   17.125 ,6.125    ,   16.75  ,  19.375 ,   16.75  ,         0.0 ,           0.0 ,          0.0 ,             0.0 ,             0.0 ,          0.0 ,             0.0 ,        0.0 ,         0.0 ,            0.0 ,   3.0
2023-05-28 ,     15.625 ,    10.25  ,     45.625 ,     155.375 ,0.23750000000000002  ,  82.0   ,     9.5   ,1021.0   ,    73.5   ,   15.625 ,11.0     ,   15.25  ,  19.875 ,   15.25  ,         0.0 ,           0.0 ,          0.0 ,             0.0 ,             0.0 ,          0.0 ,             0.0 ,        0.0 ,         0.0 ,            0.0 ,   2.375
2023-05-29 ,     17.875 ,    11.375 ,     49.625 ,     216.125 ,0.4                  ,  96.0   ,     8.75  ,1015.875 ,   100.0   ,   17.875 ,16.5     ,   17.75  ,  20.125 ,   17.75  ,         0.0 ,           0.0 ,          0.0 ,             0.0 ,             0.0 ,          0.0 ,             0.0 ,        0.0 ,         0.0 ,            0.0 ,   2.625
2023-05-30 ,     17.5   ,    12.75  ,     71.125 ,     124.625 ,0.0125               ,  77.875 ,    10.0   ,1019.25  ,    57.0   ,   18.125 ,12.75    ,   17.25  ,  23.25  ,   17.25  ,         0.0 ,           0.0 ,          0.0 ,             0.0 ,             0.0 ,          0.0 ,             0.0 ,        0.0 ,         0.0 ,            0.0 ,   2.625
2023-05-31 ,     18.5   ,     8.875 ,     67.125 ,     113.0   ,0.0                  ,  67.75  ,    10.0   ,1021.125 ,     8.625 ,   18.625 ,11.25    ,   18.375 ,  16.125 ,   18.5   ,         0.0 ,           0.0 ,          0.0 ,             0.0 ,             0.0 ,          0.0 ,             0.0 ,        0.0 ,         0.0 ,            0.0 ,   3.25
2023-06-01 ,     21.875 ,     9.125 ,     78.5   ,     115.625 ,0.0                  ,  67.5   ,     6.5   ,1020.125 ,    31.25  ,   22.125 ,14.375   ,   21.875 ,  15.0   ,   21.75  ,         0.0 ,           0.0 ,          0.0 ,             0.0 ,             0.0 ,          0.0 ,             0.0 ,        0.0 ,         0.0 ,            0.0 ,   3.375
2023-06-02 ,     24.0   ,     5.0   ,    151.25  ,     113.75  ,0.0                  ,  60.25  ,    10.0   ,1014.25  ,    11.625 ,   24.25  ,14.25    ,   24.0   ,  10.5   ,   24.25  ,         0.0 ,           0.0 ,          0.0 ,             0.0 ,             0.0 ,          0.0 ,             0.0 ,        0.0 ,         0.0 ,            0.0 ,   3.875
2023-06-03 ,     21.625 ,    11.375 ,    101.375 ,     124.625 ,0.0125               ,  69.875 ,    10.0   ,1014.25  ,    57.625 ,   22.375 ,15.375   ,   21.625 ,  21.375 ,   22.375 ,         0.0 ,           0.0 ,          0.0 ,             0.0 ,             0.0 ,          0.0 ,             0.0 ,        0.0 ,         0.0 ,            0.0 ,   3.25
2023-06-04 ,     18.375 ,     9.0   ,     46.5   ,     114.5   ,0.0                  ,  54.375 ,    10.0   ,1016.75  ,    22.25  ,   18.5   ,8.5      ,   18.375 ,  18.625 ,   18.5   ,         0.0 ,           0.0 ,          0.0 ,             0.0 ,             0.0 ,          0.0 ,             0.0 ,        0.0 ,         0.0 ,            0.0 ,   3.125
2023-06-05 ,     19.125 ,    10.0   ,    325.375 ,     113.375 ,0.0                  ,  47.0   ,    10.0   ,1013.25  ,    12.875 ,   19.25  ,7.125    ,   18.875 ,  17.0   ,   18.75  ,         0.0 ,           0.0 ,          0.0 ,             0.0 ,             0.0 ,          0.0 ,             0.0 ,        0.0 ,         0.0 ,            0.0 ,   3.25
2023-06-06 ,     21.0   ,    13.125 ,    294.5   ,     113.75  ,0.0                  ,  44.75  ,    10.0   ,1008.375 ,    21.75  ,   21.0   ,7.625    ,   20.875 ,  23.625 ,   20.625 ,         0.0 ,           0.0 ,          0.0 ,             0.0 ,             0.0 ,          0.0 ,             0.0 ,        0.0 ,         0.0 ,            0.0 ,   3.5
2023-06-07 ,     20.375 ,     9.375 ,    301.5   ,     115.625 ,0.0                  ,  36.0   ,    10.0   ,1006.0   ,    39.5   ,   20.125 ,4.5      ,   20.375 ,  16.375 ,   20.125 ,         0.0 ,           0.0 ,          0.0 ,             0.0 ,             0.0 ,          0.0 ,             0.0 ,        0.0 ,         0.0 ,            0.0 ,   3.25
2023-06-08 ,     19.625 ,     9.375 ,    327.375 ,     114.125 ,0.0                  ,  42.0   ,    10.0   ,1005.875 ,    18.125 ,   19.375 ,5.625    ,   19.5   ,  16.0   ,   19.25  ,         0.0 ,           0.0 ,          0.0 ,             0.0 ,             0.0 ,          0.0 ,             0.0 ,        0.0 ,         0.0 ,            0.0 ,   3.25
2023-06-09 ,     17.625 ,     9.875 ,    324.375 ,     130.625 ,0.08750000000000001  ,  56.875 ,    10.0   ,1008.375 ,    47.5   ,   18.5   ,8.125    ,   17.5   ,  19.125 ,   17.75  ,         0.0 ,           0.0 ,          0.0 ,             0.0 ,             0.0 ,          0.0 ,             0.0 ,        0.0 ,         0.0 ,            0.0 ,   3.0
2023-06-10 ,     21.375 ,     9.0   ,    274.0   ,     113.75  ,0.0                  ,  49.25  ,    10.0   ,1010.5   ,    25.0   ,   21.0   ,9.125    ,   21.375 ,  17.25  ,   21.0   ,         0.0 ,           0.0 ,          0.0 ,             0.0 ,             0.0 ,          0.0 ,             0.0 ,        0.0 ,         0.0 ,            0.0 ,   3.5
2023-06-11 ,     24.375 ,    12.875 ,    201.625 ,     115.25  ,0.0                  ,  51.5   ,    10.0   ,1008.5   ,    36.25  ,   24.75  ,13.25    ,   24.375 ,  23.5   ,   24.75  ,         0.0 ,           0.0 ,          0.0 ,             0.0 ,             0.0 ,          0.0 ,             0.0 ,        0.0 ,         0.0 ,            0.0 ,   3.75
2023-06-12 ,     22.375 ,    15.875 ,    229.625 ,     161.0   ,0.9375               ,  69.625 ,    10.0   ,1005.375 ,    61.75  ,   23.5   ,16.625   ,   22.375 ,  26.875 ,   23.125 ,         0.0 ,           0.0 ,          0.0 ,             0.0 ,             0.0 ,          0.0 ,             0.0 ,        0.0 ,         0.0 ,            0.0 ,   3.125
2023-06-13 ,     20.5   ,    10.125 ,    256.625 ,     113.75  ,0.0                  ,  53.875 ,    10.0   ,1007.875 ,    18.125 ,   20.5   ,9.75     ,   20.5   ,  18.125 ,   20.5   ,         0.0 ,           0.0 ,          0.0 ,             0.0 ,             0.0 ,          0.0 ,             0.0 ,        0.0 ,         0.0 ,            0.0 ,   3.375
2023-06-14 ,     19.25  ,    10.25  ,    231.75  ,     116.0   ,0.0                  ,  66.25  ,     9.375 ,1003.25  ,    36.25  ,   19.625 ,11.125   ,   19.25  ,  20.875 ,   19.625 ,         0.0 ,           0.0 ,          0.0 ,             0.0 ,             0.0 ,          0.0 ,             0.0 ,        0.0 ,         0.0 ,            0.0 ,   2.75
2023-06-15 ,     21.625 ,    10.0   ,    275.25  ,     113.75  ,0.0                  ,  49.375 ,    10.0   ,1005.25  ,    18.75  ,   21.5   ,9.375    ,   21.625 ,  17.125 ,   21.25  ,         0.0 ,           0.0 ,          0.0 ,             0.0 ,             0.0 ,          0.0 ,             0.0 ,        0.0 ,         0.0 ,            0.0 ,   3.5
2023-06-16 ,     21.375 ,     9.25  ,    237.125 ,     138.875 ,0.1375               ,  67.125 ,     9.875 ,1005.875 ,    44.875 ,   22.375 ,14.125   ,   21.375 ,  16.625 ,   21.75  ,         0.0 ,           0.0 ,          0.0 ,             0.0 ,             0.0 ,          0.0 ,             0.0 ,        0.0 ,         0.0 ,            0.0 ,   3.375
2023-06-17 ,     22.125 ,    15.5   ,    306.75  ,     114.875 ,0.0                  ,  57.625 ,    10.0   ,1006.75  ,    27.625 ,   21.875 ,11.625   ,   22.125 ,  26.375 ,   21.875 ,         0.0 ,           0.0 ,          0.0 ,             0.0 ,             0.0 ,          0.0 ,             0.0 ,        0.0 ,         0.0 ,            0.0 ,   3.625
2023-06-18 ,     23.25  ,     7.25  ,    275.125 ,     113.0   ,0.0                  ,  41.75  ,    10.0   ,1011.5   ,     2.625 ,   23.25  ,8.375    ,   23.125 ,  14.875 ,   23.125 ,         0.0 ,           0.0 ,          0.0 ,             0.0 ,             0.0 ,          0.0 ,             0.0 ,        0.0 ,         0.0 ,            0.0 ,   3.625
2023-06-19 ,     24.0   ,     9.125 ,    159.5   ,     114.125 ,0.0                  ,  54.0   ,    10.0   ,1014.5   ,    18.375 ,   24.5   ,14.0     ,   24.0   ,  16.375 ,   24.5   ,         0.0 ,           0.0 ,          0.0 ,             0.0 ,             0.0 ,          0.0 ,             0.0 ,        0.0 ,         0.0 ,            0.0 ,   3.875
2023-06-20 ,     22.375 ,    10.625 ,    102.5   ,     130.625 ,0.025                ,  77.0   ,     8.0   ,1018.875 ,    55.375 ,   23.375 ,17.5     ,   22.375 ,  22.375 ,   23.0   ,         0.0 ,           0.0 ,          0.0 ,             0.0 ,             0.0 ,          0.0 ,             0.0 ,        0.0 ,         0.0 ,            0.0 ,   3.375
2023-06-21 ,     18.375 ,    21.125 ,     61.75  ,     202.25  ,0.3875               ,  87.375 ,     9.625 ,1019.25  ,    95.125 ,   18.375 ,16.125   ,   18.375 ,  35.375 ,   18.375 ,         0.0 ,           0.0 ,          0.0 ,             0.0 ,             0.0 ,          0.0 ,             0.0 ,        0.0 ,         0.0 ,            0.0 ,   2.5
2023-06-22 ,     18.875 ,    12.25  ,     61.875 ,     157.625 ,0.125                ,  98.5   ,     7.375 ,1016.25  ,   100.0   ,   19.125 ,18.375   ,   18.875 ,  24.75  ,   18.875 ,         0.0 ,           0.0 ,          0.0 ,             0.0 ,             0.0 ,          0.0 ,             0.0 ,        0.0 ,         0.0 ,            0.0 ,   2.625
2023-06-23 ,     21.875 ,     8.25  ,    151.125 ,     268.25  ,1.0625               ,  94.875 ,     5.125 ,1014.75  ,    95.0   ,   23.5   ,21.0     ,   21.875 ,  17.875 ,   23.0   ,         0.0 ,           0.0 ,          0.0 ,             0.0 ,             0.0 ,          0.0 ,             0.0 ,        0.0 ,         0.0 ,            0.0 ,   3.0
2023-06-24 ,     23.25  ,     4.375 ,    280.0   ,     171.125 ,0.2375               ,  83.875 ,     6.0   ,1011.625 ,    86.0   ,   24.625 ,20.25    ,   23.25  ,  10.625 ,   24.625 ,         0.0 ,           0.0 ,          0.0 ,             0.0 ,             0.0 ,          0.0 ,             0.0 ,        0.0 ,         0.0 ,            0.0 ,   3.125
2023-06-25 ,     24.75  ,     5.875 ,    275.375 ,     115.625 ,0.0                  ,  72.0   ,     9.875 ,1009.625 ,    45.625 ,   26.125 ,19.0     ,   24.75  ,  12.875 ,   25.875 ,         0.0 ,           0.0 ,          0.0 ,             0.0 ,             0.0 ,          0.0 ,             0.0 ,        0.0 ,         0.0 ,            0.0 ,   3.75
2023-06-26 ,     25.0   ,     9.875 ,    199.875 ,     153.5   ,0.2125               ,  74.0   ,     9.25  ,1005.875 ,    50.875 ,   27.0   ,19.875   ,   25.0   ,  19.875 ,   26.625 ,         0.0 ,           0.0 ,          0.0 ,             0.0 ,             0.0 ,          0.0 ,             0.0 ,        0.0 ,         0.0 ,            0.0 ,   3.875
2023-06-27 ,     22.875 ,     7.25  ,    248.5   ,     156.5   ,0.25                 ,  79.125 ,     7.125 ,1005.375 ,    68.75  ,   24.125 ,19.0     ,   22.875 ,  15.0   ,   23.5   ,         0.0 ,           0.0 ,          0.0 ,             0.0 ,             0.0 ,          0.0 ,             0.0 ,        0.0 ,         0.0 ,            0.0 ,   3.25
2023-06-28 ,     21.625 ,    12.0   ,    303.125 ,     119.0   ,0.0                  ,  73.0   ,    10.0   ,1010.25  ,    73.75  ,   23.0   ,15.875   ,   21.625 ,  20.125 ,   22.25  ,         0.0 ,           0.0 ,          0.0 ,             0.0 ,             0.0 ,          0.0 ,             0.0 ,        0.0 ,         0.0 ,            0.0 ,   2.875
2023-06-29 ,     24.375 ,     5.0   ,    168.75  ,     113.0   ,0.0                  ,  58.625 ,    10.0   ,1016.0   ,    10.125 ,   24.75  ,15.0     ,   24.375 ,  10.75  ,   24.75  ,         0.0 ,           0.0 ,          0.0 ,             0.0 ,             0.0 ,          0.0 ,             0.0 ,        0.0 ,         0.0 ,            0.0 ,   3.75
2023-06-30 ,     24.375 ,    10.25  ,    157.5   ,     152.375 ,0.45                 ,  70.5   ,    10.0   ,1015.375 ,    40.5   ,   25.75  ,19.125   ,   24.375 ,  17.5   ,   25.75  ,         0.0 ,           0.0 ,          0.0 ,             0.0 ,             0.0 ,          0.0 ,             0.0 ,        0.0 ,         0.0 ,            0.0 ,   3.875
2023-07-01 ,     24.75  ,    10.625 ,    176.125 ,     174.875 ,0.4125               ,  66.0   ,    10.0   ,1015.0   ,    54.5   ,   25.625 ,19.0     ,   24.75  ,  18.75  ,   25.625 ,         0.0 ,           0.0 ,          0.0 ,             0.0 ,             0.0 ,          0.0 ,             0.0 ,        0.0 ,         0.0 ,            0.0 ,   3.25
2023-07-02 ,     25.25  ,     6.625 ,    182.625 ,     126.875 ,0.025                ,  86.625 ,     6.25  ,1010.75  ,    80.25  ,   28.5   ,22.375   ,   25.25  ,  16.0   ,   27.625 ,         0.0 ,           0.0 ,          0.0 ,             0.0 ,             0.0 ,          0.0 ,             0.0 ,        0.0 ,         0.0 ,            0.0 ,   3.25
2023-07-03 ,     26.125 ,     7.125 ,    187.375 ,     147.5   ,0.5                  ,  79.875 ,     7.5   ,1009.875 ,    64.625 ,   28.75  ,21.625   ,   26.125 ,  18.125 ,   28.75  ,         0.0 ,           0.0 ,          0.0 ,             0.0 ,             0.0 ,          0.0 ,             0.0 ,        0.0 ,         0.0 ,            0.0 ,   4.0
2023-07-04 ,     26.375 ,     6.625 ,    274.625 ,     122.375 ,0.0125               ,  74.375 ,     7.875 ,1012.25  ,    36.625 ,   28.375 ,20.75    ,   26.375 ,  16.0   ,   28.125 ,         0.0 ,           0.0 ,          0.0 ,             0.0 ,             0.0 ,          0.0 ,             0.0 ,        0.0 ,         0.0 ,            0.0 ,   3.75
2023-07-05 ,     27.625 ,     5.25  ,    193.875 ,     121.25  ,0.037500000000000006 ,  60.5   ,    10.0   ,1014.375 ,    25.375 ,   29.5   ,19.5     ,   27.625 ,  11.25  ,   29.5   ,         0.0 ,           0.0 ,          0.0 ,             0.0 ,             0.0 ,          0.0 ,             0.0 ,        0.0 ,         0.0 ,            0.0 ,   4.125
2023-07-06 ,     27.0   ,     5.0   ,    139.75  ,     153.125 ,0.1                  ,  70.125 ,     9.875 ,1012.375 ,    64.875 ,   29.625 ,21.25    ,   27.0   ,   9.5   ,   29.625 ,         0.0 ,           0.0 ,          0.0 ,             0.0 ,             0.0 ,          0.0 ,             0.0 ,        0.0 ,         0.0 ,            0.0 ,   3.625
2023-07-07 ,     26.5   ,     4.25  ,    199.875 ,     145.25  ,0.3125               ,  72.0   ,     9.0   ,1010.625 ,    37.5   ,   29.125 ,21.5     ,   26.5   ,  10.0   ,   29.125 ,         0.0 ,           0.0 ,          0.0 ,             0.0 ,             0.0 ,          0.0 ,             0.0 ,        0.0 ,         0.0 ,            0.0 ,   4.0
2023-07-08 ,     26.25  ,     5.625 ,    223.75  ,     162.5   ,0.2125               ,  76.125 ,     7.5   ,1010.375 ,    68.125 ,   28.5   ,21.75    ,   26.25  ,  11.5   ,   28.25  ,         0.0 ,           0.0 ,          0.0 ,             0.0 ,             0.0 ,          0.0 ,             0.0 ,        0.0 ,         0.0 ,            0.0 ,   3.875
2023-07-09 ,     24.625 ,     7.125 ,    198.5   ,     161.75  ,1.5374999999999999   ,  87.75  ,     9.75  ,1008.25  ,    67.875 ,   27.25  ,22.5     ,   24.625 ,  11.375 ,   27.25  ,         0.0 ,           0.0 ,          0.0 ,             0.0 ,             0.0 ,          0.0 ,             0.0 ,        0.0 ,         0.0 ,            0.0 ,   3.5
2023-07-10 ,     24.0   ,     7.875 ,    290.375 ,     114.5   ,0.0                  ,  74.25  ,     7.0   ,1010.75  ,    26.625 ,   24.875 ,18.5     ,   24.0   ,  14.625 ,   24.625 ,         0.0 ,           0.0 ,          0.0 ,             0.0 ,             0.0 ,          0.0 ,             0.0 ,        0.0 ,         0.0 ,            0.0 ,   3.625
2023-07-11 ,     25.625 ,     5.125 ,    246.0   ,     114.125 ,0.0                  ,  57.5   ,    10.0   ,1012.75  ,    19.375 ,   26.375 ,17.0     ,   25.625 ,  11.625 ,   26.125 ,         0.0 ,           0.0 ,          0.0 ,             0.0 ,             0.0 ,          0.0 ,             0.0 ,        0.0 ,         0.0 ,            0.0 ,   4.0
2023-07-12 ,     27.0   ,     5.875 ,    229.5   ,     113.75  ,0.0                  ,  53.125 ,    10.0   ,1014.375 ,    15.0   ,   28.0   ,17.125   ,   27.0   ,  14.5   ,   27.75  ,         0.0 ,           0.0 ,          0.0 ,             0.0 ,             0.0 ,          0.0 ,             0.0 ,        0.0 ,         0.0 ,            0.0 ,   4.125
2023-07-13 ,     28.625 ,    11.125 ,    221.5   ,     122.0   ,0.037500000000000006 ,  51.75  ,    10.0   ,1011.125 ,    29.125 ,   29.625 ,17.5     ,   28.625 ,  22.25  ,   29.25  ,         0.0 ,           0.0 ,          0.0 ,             0.0 ,             0.0 ,          0.0 ,             0.0 ,        0.0 ,         0.0 ,            0.0 ,   4.25
2023-07-14 ,     26.125 ,     8.75  ,    194.75  ,     161.375 ,0.3875               ,  82.75  ,     8.375 ,1012.125 ,    62.5   ,   28.75  ,21.75    ,   26.125 ,  18.5   ,   28.5   ,         0.0 ,           0.0 ,          0.0 ,             0.0 ,             0.0 ,          0.0 ,             0.0 ,        0.0 ,         0.0 ,            0.0 ,   3.875
2023-07-15 ,     26.375 ,     5.75  ,    170.75  ,     141.125 ,0.125                ,  77.125 ,     7.375 ,1011.75  ,    63.5   ,   29.75  ,22.875   ,   26.375 ,  14.125 ,   29.5   ,         0.0 ,           0.0 ,          0.0 ,             0.0 ,             0.0 ,          0.0 ,             0.0 ,        0.0 ,         0.0 ,            0.0 ,   4.0
2023-07-16 ,     25.5   ,     7.75  ,    214.5   ,     185.75  ,0.275                ,  86.625 ,     7.125 ,1010.25  ,    85.0   ,   28.375 ,23.125   ,   25.5   ,  14.75  ,   28.375 ,         0.0 ,           0.0 ,          0.0 ,             0.0 ,             0.0 ,          0.0 ,             0.0 ,        0.0 ,         0.0 ,            0.0 ,   3.25
2023-07-17 ,     26.75  ,     6.25  ,    253.75  ,     113.0   ,0.0                  ,  62.375 ,    10.0   ,1012.875 ,     9.875 ,   28.375 ,18.875   ,   26.75  ,  12.625 ,   28.375 ,         0.0 ,           0.0 ,          0.0 ,             0.0 ,             0.0 ,          0.0 ,             0.0 ,        0.0 ,         0.0 ,            0.0 ,   4.125
2023-07-18 ,     26.875 ,     6.375 ,    106.125 ,     115.25  ,0.0                  ,  70.625 ,     9.875 ,1014.25  ,    37.625 ,   29.0   ,19.875   ,   26.875 ,  15.25  ,   29.0   ,         0.0 ,           0.0 ,          0.0 ,             0.0 ,             0.0 ,          0.0 ,             0.0 ,        0.0 ,         0.0 ,            0.0 ,   4.125
2023-07-19 ,     25.5   ,     6.75  ,    230.125 ,     161.0   ,0.125                ,  64.125 ,    10.0   ,1015.5   ,    58.125 ,   27.25  ,19.375   ,   25.5   ,  13.875 ,   27.0   ,         0.0 ,           0.0 ,          0.0 ,             0.0 ,             0.0 ,          0.0 ,             0.0 ,        0.0 ,         0.0 ,            0.0 ,   3.375
2023-07-20 ,     26.0   ,     6.625 ,    151.0   ,     116.375 ,0.0                  ,  78.25  ,     9.75  ,1012.875 ,    51.0   ,   28.125 ,20.875   ,   26.0   ,  12.75  ,   27.875 ,         0.0 ,           0.0 ,          0.0 ,             0.0 ,             0.0 ,          0.0 ,             0.0 ,        0.0 ,         0.0 ,            0.0 ,   3.875
2023-07-21 ,     27.625 ,    11.5   ,    262.625 ,     148.625 ,0.19999999999999998  ,  68.875 ,    10.0   ,1007.375 ,    65.75  ,   29.5   ,20.5     ,   27.625 ,  18.5   ,   29.5   ,         0.0 ,           0.0 ,          0.0 ,             0.0 ,             0.0 ,          0.0 ,             0.0 ,        0.0 ,         0.0 ,            0.0 ,   3.75
2023-07-22 ,     25.125 ,    10.125 ,    270.75  ,     113.75  ,0.0                  ,  52.75  ,    10.0   ,1010.125 ,    15.875 ,   25.125 ,14.75    ,   25.125 ,  14.5   ,   25.125 ,         0.0 ,           0.0 ,          0.0 ,             0.0 ,             0.0 ,          0.0 ,             0.0 ,        0.0 ,         0.0 ,            0.0 ,   3.625
2023-07-23 ,     25.5   ,     5.625 ,    255.625 ,     115.25  ,0.0                  ,  53.0   ,    10.0   ,1014.125 ,    34.875 ,   26.125 ,15.25    ,   25.5   ,  12.125 ,   25.75  ,         0.0 ,           0.0 ,          0.0 ,             0.0 ,             0.0 ,          0.0 ,             0.0 ,        0.0 ,         0.0 ,            0.0 ,   4.0
2023-07-24 ,     24.0   ,     6.75  ,    130.0   ,     229.25  ,0.85                 ,  74.5   ,     9.875 ,1018.5   ,    60.625 ,   25.75  ,19.75    ,   24.0   ,  15.625 ,   25.5   ,         0.0 ,           0.0 ,          0.0 ,             0.0 ,             0.0 ,          0.0 ,             0.0 ,        0.0 ,         0.0 ,            0.0 ,   3.125
2023-07-25 ,     25.625 ,     4.625 ,    178.5   ,     125.375 ,0.0125               ,  80.5   ,     7.125 ,1018.625 ,    63.75  ,   27.625 ,20.75    ,   25.625 ,  15.375 ,   26.875 ,         0.0 ,           0.0 ,          0.0 ,             0.0 ,             0.0 ,          0.0 ,             0.0 ,        0.0 ,         0.0 ,            0.0 ,   3.75
2023-07-26 ,     26.375 ,     6.25  ,    202.125 ,     114.125 ,0.0                  ,  71.75  ,     7.0   ,1018.625 ,    22.5   ,   28.25  ,20.25    ,   26.375 ,  14.0   ,   28.25  ,         0.0 ,           0.0 ,          0.0 ,             0.0 ,             0.0 ,          0.0 ,             0.0 ,        0.0 ,         0.0 ,            0.0 ,   3.875
2023-07-27 ,     29.0   ,    12.75  ,    220.875 ,     115.25  ,0.0                  ,  66.5   ,     9.625 ,1015.75  ,    37.5   ,   31.625 ,20.125   ,   29.0   ,  25.75  ,   31.625 ,         0.0 ,           0.0 ,          0.0 ,             0.0 ,             0.0 ,          0.0 ,             0.0 ,        0.0 ,         0.0 ,            0.0 ,   4.25
2023-07-28 ,     28.125 ,     8.375 ,    210.875 ,     146.75  ,0.5875               ,  77.25  ,     9.0   ,1015.625 ,    55.625 ,   31.875 ,23.125   ,   28.125 ,  17.0   ,   31.875 ,         0.0 ,           0.0 ,          0.0 ,             0.0 ,             0.0 ,          0.0 ,             0.0 ,        0.0 ,         0.0 ,            0.0 ,   4.125
2023-07-29 ,     28.125 ,     9.875 ,    256.375 ,     147.875 ,0.35                 ,  78.0   ,     7.625 ,1013.0   ,    60.0   ,   31.75  ,21.875   ,   28.125 ,  21.5   ,   31.5   ,         0.0 ,           0.0 ,          0.0 ,             0.0 ,             0.0 ,          0.0 ,             0.0 ,        0.0 ,         0.0 ,            0.0 ,   4.125
2023-07-30 ,     26.25  ,     9.125 ,    136.5   ,     116.0   ,0.0                  ,  69.5   ,     7.75  ,1012.0   ,    42.625 ,   27.75  ,18.375   ,   26.25  ,  18.25  ,   27.5   ,         0.0 ,           0.0 ,          0.0 ,             0.0 ,             0.0 ,          0.0 ,             0.0 ,        0.0 ,         0.0 ,            0.0 ,   3.875
2023-07-31 ,     25.0   ,     7.5   ,    246.875 ,     123.875 ,0.0125               ,  63.0   ,    10.0   ,1015.625 ,    46.5   ,   26.625 ,16.625   ,   25.0   ,  13.125 ,   26.625 ,         0.0 ,           0.0 ,          0.0 ,             0.0 ,             0.0 ,          0.0 ,             0.0 ,        0.0 ,         0.0 ,            0.0 ,   3.625
2023-08-01 ,     23.375 ,     7.0   ,    233.5   ,     115.25  ,0.0                  ,  60.625 ,    10.0   ,1019.0   ,    32.375 ,   24.125 ,14.375   ,   23.375 ,  14.125 ,   23.75  ,         0.0 ,           0.0 ,          0.0 ,             0.0 ,             0.0 ,          0.0 ,             0.0 ,        0.0 ,         0.0 ,            0.0 ,   3.625
2023-08-02 ,     23.375 ,     8.0   ,     79.25  ,     113.375 ,0.0                  ,  47.5   ,    10.0   ,1021.75  ,    17.25  ,   24.125 ,11.75    ,   23.375 ,  12.75  ,   23.875 ,         0.0 ,           0.0 ,          0.0 ,             0.0 ,             0.0 ,          0.0 ,             0.0 ,        0.0 ,         0.0 ,            0.0 ,   3.625
2023-08-03 ,     23.0   ,    12.875 ,    170.875 ,     118.25  ,0.0                  ,  73.625 ,     9.375 ,1018.125 ,    64.125 ,   24.125 ,17.375   ,   23.0   ,  23.25  ,   23.375 ,         0.0 ,           0.0 ,          0.0 ,             0.0 ,             0.0 ,          0.0 ,             0.0 ,        0.0 ,         0.0 ,            0.0 ,   3.25
2023-08-04 ,     22.125 ,    10.625 ,    201.0   ,     128.0   ,0.05                 ,  81.0   ,    10.0   ,1014.375 ,    92.375 ,   23.875 ,18.5     ,   22.125 ,  17.625 ,   23.125 ,         0.0 ,           0.0 ,          0.0 ,             0.0 ,             0.0 ,          0.0 ,             0.0 ,        0.0 ,         0.0 ,            0.0 ,   3.0
2023-08-05 ,     24.75  ,     7.0   ,    159.125 ,     116.375 ,0.0                  ,  71.0   ,     6.5   ,1014.75  ,    43.125 ,   25.5   ,18.5     ,   24.75  ,  11.5   ,   25.5   ,         0.0 ,           0.0 ,          0.0 ,             0.0 ,             0.0 ,          0.0 ,             0.0 ,        0.0 ,         0.0 ,            0.0 ,   3.75
2023-08-06 ,     25.875 ,     8.875 ,    141.875 ,     153.875 ,0.125                ,  69.5   ,    10.0   ,1014.0   ,    49.0   ,   28.125 ,19.375   ,   25.875 ,  16.5   ,   27.5   ,         0.0 ,           0.0 ,          0.0 ,             0.0 ,             0.0 ,          0.0 ,             0.0 ,        0.0 ,         0.0 ,            0.0 ,   3.875
2023-08-07 ,     25.875 ,     8.375 ,    166.875 ,     155.375 ,0.17500000000000002  ,  78.25  ,     8.25  ,1009.625 ,    71.5   ,   28.5   ,21.125   ,   25.875 ,  22.625 ,   28.125 ,         0.0 ,           0.0 ,          0.0 ,             0.0 ,             0.0 ,          0.0 ,             0.0 ,        0.0 ,         0.0 ,            0.0 ,   3.875
2023-08-08 ,     25.125 ,    13.75  ,    261.375 ,     116.75  ,0.0                  ,  69.875 ,     7.5   ,1007.75  ,    48.375 ,   26.125 ,17.5     ,   25.125 ,  27.875 ,   26.125 ,         0.0 ,           0.0 ,          0.0 ,             0.0 ,             0.0 ,          0.0 ,             0.0 ,        0.0 ,         0.0 ,            0.0 ,   3.5
2023-08-09 ,     25.625 ,     8.125 ,    260.5   ,     113.75  ,0.0                  ,  53.5   ,    10.0   ,1010.625 ,    20.75  ,   26.0   ,14.75    ,   25.625 ,  16.625 ,   26.0   ,         0.0 ,           0.0 ,          0.0 ,             0.0 ,             0.0 ,          0.0 ,             0.0 ,        0.0 ,         0.0 ,            0.0 ,   3.75
2023-08-10 ,     23.75  ,    10.0   ,    221.625 ,     183.875 ,0.2                  ,  65.75  ,    10.0   ,1005.75  ,    47.5   ,   25.25  ,17.875   ,   23.75  ,  17.375 ,   25.0   ,         0.0 ,           0.0 ,          0.0 ,             0.0 ,             0.0 ,          0.0 ,             0.0 ,        0.0 ,         0.0 ,            0.0 ,   3.375
2023-08-11 ,     25.125 ,     8.125 ,    268.125 ,     113.375 ,0.0                  ,  60.75  ,    10.0   ,1010.25  ,    11.125 ,   25.875 ,15.875   ,   25.125 ,  15.125 ,   25.5   ,         0.0 ,           0.0 ,          0.0 ,             0.0 ,             0.0 ,          0.0 ,             0.0 ,        0.0 ,         0.0 ,            0.0 ,   3.75
2023-08-12 ,     27.375 ,     7.375 ,    200.625 ,     113.75  ,0.0                  ,  60.0   ,    10.0   ,1011.625 ,    22.5   ,   28.375 ,17.875   ,   27.375 ,  15.375 ,   28.375 ,         0.0 ,           0.0 ,          0.0 ,             0.0 ,             0.0 ,          0.0 ,             0.0 ,        0.0 ,         0.0 ,            0.0 ,   4.125
2023-08-13 ,     28.0   ,     8.375 ,    266.375 ,     115.25  ,0.0                  ,  64.375 ,    10.0   ,1013.5   ,    34.25  ,   29.875 ,19.5     ,   28.0   ,  17.25  ,   29.875 ,         0.0 ,           0.0 ,          0.0 ,             0.0 ,             0.0 ,          0.0 ,             0.0 ,        0.0 ,         0.0 ,            0.0 ,   4.125
2023-08-14 ,     26.0   ,     5.5   ,     95.375 ,     155.0   ,1.15                 ,  76.0   ,     8.375 ,1013.5   ,    59.625 ,   28.5   ,20.75    ,   26.0   ,  12.5   ,   28.5   ,         0.0 ,           0.0 ,          0.0 ,             0.0 ,             0.0 ,          0.0 ,             0.0 ,        0.0 ,         0.0 ,            0.0 ,   3.625
2023-08-15 ,     26.125 ,     7.875 ,    228.875 ,     176.75  ,0.575                ,  76.375 ,     9.75  ,1008.75  ,    61.25  ,   28.375 ,21.125   ,   26.125 ,  14.75  ,   28.375 ,         0.0 ,           0.0 ,          0.0 ,             0.0 ,             0.0 ,          0.0 ,             0.0 ,        0.0 ,         0.0 ,            0.0 ,   3.625
2023-08-16 ,     25.25  ,     6.0   ,    264.5   ,     115.25  ,0.0                  ,  69.625 ,     8.875 ,1012.0   ,    34.625 ,   26.625 ,18.25    ,   25.25  ,  12.75  ,   26.625 ,         0.0 ,           0.0 ,          0.0 ,             0.0 ,             0.0 ,          0.0 ,             0.0 ,        0.0 ,         0.0 ,            0.0 ,   3.75
2023-08-17 ,     26.25  ,     8.625 ,    135.75  ,     122.375 ,0.0125               ,  64.25  ,    10.0   ,1011.5   ,    33.875 ,   28.0   ,18.75    ,   26.25  ,  16.125 ,   27.75  ,         0.0 ,           0.0 ,          0.0 ,             0.0 ,             0.0 ,          0.0 ,             0.0 ,        0.0 ,         0.0 ,            0.0 ,   3.875
2023-08-18 ,     25.375 ,    14.75  ,    280.0   ,     115.625 ,0.0                  ,  61.5   ,     7.75  ,1009.75  ,    32.375 ,   26.5   ,15.75    ,   25.375 ,  24.875 ,   26.5   ,         0.0 ,           0.0 ,          0.0 ,             0.0 ,             0.0 ,          0.0 ,             0.0 ,        0.0 ,         0.0 ,            0.0 ,   3.625
2023-08-19 ,     22.875 ,     7.125 ,    272.25  ,     113.0   ,0.0                  ,  43.625 ,    10.0   ,1016.75  ,     2.0   ,   23.25  ,9.625    ,   22.875 ,  13.75  ,   22.875 ,         0.0 ,           0.0 ,          0.0 ,             0.0 ,             0.0 ,          0.0 ,             0.0 ,        0.0 ,         0.0 ,            0.0 ,   3.625
2023-08-20 ,     24.5   ,     7.0   ,    201.875 ,     113.375 ,0.0                  ,  49.625 ,    10.0   ,1018.875 ,    12.0   ,   24.875 ,12.75    ,   24.5   ,  12.875 ,   24.625 ,         0.0 ,           0.0 ,          0.0 ,             0.0 ,             0.0 ,          0.0 ,             0.0 ,        0.0 ,         0.0 ,            0.0 ,   3.75
2023-08-21 ,     27.125 ,     5.25  ,    252.875 ,     113.375 ,0.0                  ,  59.0   ,    10.0   ,1017.375 ,    13.75  ,   28.25  ,17.125   ,   27.125 ,  12.125 ,   28.0   ,         0.0 ,           0.0 ,          0.0 ,             0.0 ,             0.0 ,          0.0 ,             0.0 ,        0.0 ,         0.0 ,            0.0 ,   4.125
2023-08-22 ,     24.875 ,    12.0   ,    148.125 ,     113.375 ,0.0                  ,  44.875 ,    10.0   ,1018.625 ,    13.875 ,   25.5   ,11.75    ,   24.875 ,  20.75  ,   25.5   ,         0.0 ,           0.0 ,          0.0 ,             0.0 ,             0.0 ,          0.0 ,             0.0 ,        0.0 ,         0.0 ,            0.0 ,   3.75
2023-08-23 ,     23.25  ,     5.75  ,    178.5   ,     113.375 ,0.0                  ,  52.0   ,    10.0   ,1019.125 ,    12.5   ,   23.5   ,12.5     ,   23.25  ,  10.75  ,   23.25  ,         0.0 ,           0.0 ,          0.0 ,             0.0 ,             0.0 ,          0.0 ,             0.0 ,        0.0 ,         0.0 ,            0.0 ,   3.625
2023-08-24 ,     22.0   ,    12.125 ,    190.0   ,     150.875 ,0.125                ,  78.25  ,     8.875 ,1015.5   ,    65.625 ,   23.75  ,17.125   ,   22.0   ,  22.125 ,   22.375 ,         0.0 ,           0.0 ,          0.0 ,             0.0 ,             0.0 ,          0.0 ,             0.0 ,        0.0 ,         0.0 ,            0.0 ,   2.875
2023-08-25 ,     26.25  ,     8.25  ,    156.625 ,     192.5   ,0.1375               ,  76.25  ,     8.875 ,1010.25  ,    52.0   ,   29.0   ,20.875   ,   26.25  ,  13.375 ,   28.25  ,         0.0 ,           0.0 ,          0.0 ,             0.0 ,             0.0 ,          0.0 ,             0.0 ,        0.0 ,         0.0 ,            0.0 ,   4.0
2023-08-26 ,     26.25  ,     8.0   ,    302.125 ,     122.375 ,0.0                  ,  71.125 ,     8.0   ,1010.125 ,    35.375 ,   28.125 ,19.875   ,   26.25  ,  11.625 ,   28.125 ,         0.0 ,           0.0 ,          0.0 ,             0.0 ,             0.0 ,          0.0 ,             0.0 ,        0.0 ,         0.0 ,            0.0 ,   3.875
2023-08-27 ,     24.125 ,     8.625 ,     62.0   ,     132.125 ,0.025                ,  62.375 ,    10.0   ,1013.125 ,    65.25  ,   25.625 ,16.375   ,   24.125 ,  12.125 ,   25.375 ,         0.0 ,           0.0 ,          0.0 ,             0.0 ,             0.0 ,          0.0 ,             0.0 ,        0.0 ,         0.0 ,            0.0 ,   3.375
2023-08-28 ,     23.0   ,    10.75  ,     85.125 ,     216.875 ,0.25                 ,  87.125 ,     9.0   ,1013.75  ,    76.375 ,   24.875 ,20.75    ,   23.0   ,  15.625 ,   24.0   ,         0.0 ,           0.0 ,          0.0 ,             0.0 ,             0.0 ,          0.0 ,             0.0 ,        0.0 ,         0.0 ,            0.0 ,   3.375
2023-08-29 ,     24.25  ,     4.625 ,     96.5   ,     135.875 ,0.0125               ,  79.125 ,     7.0   ,1012.0   ,    78.125 ,   25.875 ,20.0     ,   24.25  ,   7.25  ,   25.5   ,         0.0 ,           0.0 ,          0.0 ,             0.0 ,             0.0 ,          0.0 ,             0.0 ,        0.0 ,         0.0 ,            0.0 ,   3.25
2023-08-30 ,     24.875 ,    13.0   ,    291.375 ,     147.875 ,0.05                 ,  64.625 ,     9.0   ,1007.875 ,    32.875 ,   26.0   ,16.25    ,   24.75  ,  18.875 ,   25.625 ,         0.0 ,           0.0 ,          0.0 ,             0.0 ,             0.0 ,          0.0 ,             0.0 ,        0.0 ,         0.0 ,            0.0 ,   3.75
2023-08-31 ,     20.375 ,    13.25  ,    113.5   ,     118.25  ,0.0                  ,  52.25  ,    10.0   ,1013.375 ,    64.0   ,   20.75  ,9.875    ,   20.375 ,  19.0   ,   20.75  ,         0.0 ,           0.0 ,          0.0 ,             0.0 ,             0.0 ,          0.0 ,             0.0 ,        0.0 ,         0.0 ,            0.0 ,   3.125
2023-09-01 ,     20.875 ,     8.125 ,     95.125 ,     113.0   ,0.0                  ,  48.5   ,    10.0   ,1022.25  ,     0.0   ,   20.75  ,9.25     ,   20.875 ,  13.25  ,   20.75  ,         0.0 ,           0.0 ,          0.0 ,             0.0 ,             0.0 ,          0.0 ,             0.0 ,        0.0 ,         0.0 ,            0.0 ,   3.375
2023-09-02 ,     21.5   ,     7.25  ,    178.75  ,     113.0   ,0.0                  ,  61.75  ,    10.0   ,1021.875 ,     0.75  ,   21.375 ,13.0     ,   21.625 ,  11.75  ,   21.5   ,         0.0 ,           0.0 ,          0.0 ,             0.0 ,             0.0 ,          0.0 ,             0.0 ,        0.0 ,         0.0 ,            0.0 ,   3.375
2023-09-03 ,     26.375 ,     6.5   ,    234.125 ,     113.75  ,0.0                  ,  53.125 ,    10.0   ,1015.625 ,    16.75  ,   26.875 ,14.875   ,   26.375 ,  10.875 ,   26.875 ,         0.0 ,           0.0 ,          0.0 ,             0.0 ,             0.0 ,          0.0 ,             0.0 ,        0.0 ,         0.0 ,            0.0 ,   4.0
2023-09-04 ,     29.875 ,     6.5   ,    293.0   ,     129.875 ,0.025                ,  49.375 ,    10.0   ,1013.25  ,    39.375 ,   31.0   ,16.75    ,   29.875 ,  10.375 ,   31.0   ,         0.0 ,           0.0 ,          0.0 ,             0.0 ,             0.0 ,          0.0 ,             0.0 ,        0.0 ,         0.0 ,            0.0 ,   4.125
2023-09-05 ,     30.875 ,     9.0   ,    260.75  ,     113.0   ,0.0                  ,  45.625 ,    10.0   ,1012.5   ,     5.25  ,   31.875 ,17.0     ,   30.875 ,  14.0   ,   31.875 ,         0.0 ,           0.0 ,          0.0 ,             0.0 ,             0.0 ,          0.0 ,             0.0 ,        0.0 ,         0.0 ,            0.0 ,   4.375
2023-09-06 ,     30.125 ,     6.0   ,    268.625 ,     113.375 ,0.0                  ,  49.75  ,    10.0   ,1010.875 ,    10.625 ,   31.625 ,17.625   ,   30.125 ,   9.875 ,   31.625 ,         0.0 ,           0.0 ,          0.0 ,             0.0 ,             0.0 ,          0.0 ,             0.0 ,        0.0 ,         0.0 ,            0.0 ,   4.375
2023-09-07 ,     28.0   ,     6.0   ,    235.625 ,     129.125 ,0.07500000000000001  ,  58.625 ,     9.75  ,1007.625 ,    27.875 ,   29.5   ,18.5     ,   28.0   ,   9.625 ,   29.5   ,         0.0 ,           0.0 ,          0.0 ,             0.0 ,             0.0 ,          0.0 ,             0.0 ,        0.0 ,         0.0 ,            0.0 ,   4.0
2023-09-08 ,     26.25  ,     5.25  ,    247.0   ,     159.5   ,0.4625               ,  69.125 ,     9.5   ,1011.75  ,    44.125 ,   28.375 ,19.25    ,   26.25  ,   7.75  ,   27.75  ,         0.0 ,           0.0 ,          0.0 ,             0.0 ,             0.0 ,          0.0 ,             0.0 ,        0.0 ,         0.0 ,            0.0 ,   4.0
2023-09-09 ,     25.0   ,     6.125 ,    229.125 ,     178.25  ,0.4625               ,  75.125 ,     9.75  ,1015.75  ,    54.75  ,   26.875 ,19.75    ,   25.0   ,  10.0   ,   26.25  ,         0.0 ,           0.0 ,          0.0 ,             0.0 ,             0.0 ,          0.0 ,             0.0 ,        0.0 ,         0.0 ,            0.0 ,   3.625
2023-09-10 ,     23.625 ,     5.25  ,    193.125 ,     159.5   ,0.15                 ,  78.75  ,     7.875 ,1016.375 ,    51.375 ,   25.375 ,19.25    ,   23.625 ,   8.5   ,   24.75  ,         0.0 ,           0.0 ,          0.0 ,             0.0 ,             0.0 ,          0.0 ,             0.0 ,        0.0 ,         0.0 ,            0.0 ,   3.625
2023-09-11 ,     24.0   ,     4.125 ,    204.625 ,     129.5   ,0.08750000000000001  ,  75.375 ,     7.875 ,1016.875 ,    46.5   ,   25.0   ,18.875   ,   24.0   ,   6.625 ,   25.0   ,         0.0 ,           0.0 ,          0.0 ,             0.0 ,             0.0 ,          0.0 ,             0.0 ,        0.0 ,         0.0 ,            0.0 ,   3.625
2023-09-12 ,     24.75  ,     5.75  ,    126.875 ,     113.75  ,0.0                  ,  74.375 ,    10.0   ,1015.25  ,    24.375 ,   26.125 ,19.375   ,   24.75  ,   8.375 ,   25.875 ,         0.0 ,           0.0 ,          0.0 ,             0.0 ,             0.0 ,          0.0 ,             0.0 ,        0.0 ,         0.0 ,            0.0 ,   3.875
2023-09-13 ,     21.875 ,     7.25  ,    275.625 ,     117.875 ,0.0                  ,  80.25  ,    10.0   ,1014.125 ,    64.625 ,   22.625 ,17.875   ,   21.875 ,  11.5   ,   22.375 ,         0.0 ,           0.0 ,          0.0 ,             0.0 ,             0.0 ,          0.0 ,             0.0 ,        0.0 ,         0.0 ,            0.0 ,   3.0
2023-09-14 ,     20.875 ,    12.375 ,    310.0   ,     113.75  ,0.0                  ,  49.5   ,    10.0   ,1016.75  ,    14.75  ,   21.0   ,9.5      ,   20.875 ,  18.25  ,   21.0   ,         0.0 ,           0.0 ,          0.0 ,             0.0 ,             0.0 ,          0.0 ,             0.0 ,        0.0 ,         0.0 ,            0.0 ,   3.375
2023-09-15 ,     19.5   ,    13.5   ,    140.375 ,     113.0   ,0.0                  ,  44.75  ,    10.0   ,1017.875 ,     0.0   ,   19.625 ,6.5      ,   19.375 ,  20.0   ,   19.5   ,         0.0 ,           0.0 ,          0.0 ,             0.0 ,             0.0 ,          0.0 ,             0.0 ,        0.0 ,         0.0 ,            0.0 ,   3.25
2023-09-16 ,     20.25  ,     8.0   ,    296.875 ,     113.0   ,0.0                  ,  46.75  ,    10.0   ,1016.25  ,     0.25  ,   20.0   ,7.375    ,   20.25  ,  12.875 ,   20.0   ,         0.0 ,           0.0 ,          0.0 ,             0.0 ,             0.0 ,          0.0 ,             0.0 ,        0.0 ,         0.0 ,            0.0 ,   3.25
2023-09-17 ,     17.875 ,     3.0   ,    216.5   ,     143.0   ,0.037500000000000006 ,  69.25  ,     9.0   ,1014.375 ,    63.375 ,   17.75  ,11.875   ,   17.75  ,   4.25  ,   17.75  ,         0.0 ,           0.0 ,          0.0 ,             0.0 ,             0.0 ,          0.0 ,             0.0 ,        0.0 ,         0.0 ,            0.0 ,   2.875
2023-09-18 ,     17.375 ,     8.25  ,    297.375 ,     172.625 ,0.0625               ,  81.375 ,     7.75  ,1012.0   ,    66.25  ,   18.125 ,14.25    ,   17.375 ,  11.875 ,   17.75  ,         0.0 ,           0.0 ,          0.0 ,             0.0 ,             0.0 ,          0.0 ,             0.0 ,        0.0 ,         0.0 ,            0.0 ,   2.625
2023-09-19 ,     20.25  ,    11.125 ,    280.0   ,     113.0   ,0.0                  ,  60.125 ,    10.0   ,1016.375 ,     0.75  ,   20.75  ,12.0     ,   20.25  ,  17.25  ,   20.75  ,         0.0 ,           0.0 ,          0.0 ,             0.0 ,             0.0 ,          0.0 ,             0.0 ,        0.0 ,         0.0 ,            0.0 ,   3.25
2023-09-20 ,     20.875 ,     3.5   ,    129.625 ,     113.375 ,0.0                  ,  53.25  ,    10.0   ,1020.875 ,    13.875 ,   20.75  ,10.625   ,   20.875 ,   5.375 ,   20.75  ,         0.0 ,           0.0 ,          0.0 ,             0.0 ,             0.0 ,          0.0 ,             0.0 ,        0.0 ,         0.0 ,            0.0 ,   3.375
2023-09-21 ,     21.125 ,     5.875 ,    138.5   ,     113.0   ,0.0                  ,  56.0   ,    10.0   ,1023.25  ,    11.0   ,   21.125 ,11.25    ,   21.125 ,   9.5   ,   21.125 ,         0.0 ,           0.0 ,          0.0 ,             0.0 ,             0.0 ,          0.0 ,             0.0 ,        0.0 ,         0.0 ,            0.0 ,   3.625
2023-09-22 ,     18.5   ,    12.5   ,     61.625 ,     114.875 ,0.0                  ,  69.375 ,    10.0   ,1023.125 ,    31.0   ,   19.0   ,12.375   ,   18.5   ,  17.25  ,   18.75  ,         0.0 ,           0.0 ,          0.0 ,             0.0 ,             0.0 ,          0.0 ,             0.0 ,        0.0 ,         0.0 ,            0.0 ,   3.25
2023-09-23 ,     14.625 ,    26.625 ,     32.125 ,     274.25  ,1.3999999999999997   ,  95.0   ,     7.125 ,1012.875 ,   100.0   ,   14.75  ,13.625   ,   13.5   ,  39.0   ,   13.5   ,         0.0 ,           0.0 ,          0.0 ,             0.0 ,             0.0 ,          0.0 ,             0.0 ,        0.0 ,         0.0 ,            0.0 ,   2.0
2023-09-24 ,     17.75  ,    13.875 ,    129.5   ,     255.875 ,0.8624999999999999   ,  97.5   ,     7.25  ,1012.5   ,   100.0   ,   17.75  ,17.25    ,   17.75  ,  21.0   ,   17.75  ,         0.0 ,           0.0 ,          0.0 ,             0.0 ,             0.0 ,          0.0 ,             0.0 ,        0.0 ,         0.0 ,            0.0 ,   2.5
2023-09-25 ,     16.375 ,    11.625 ,    215.375 ,     155.75  ,0.0                  ,  86.625 ,    10.0   ,1018.25  ,   100.0   ,   16.375 ,14.125   ,   16.375 ,  16.0   ,   16.375 ,         0.0 ,           0.0 ,          0.0 ,             0.0 ,             0.0 ,          0.0 ,             0.0 ,        0.0 ,         0.0 ,            0.0 ,   2.5
2023-09-26 ,     15.0   ,    11.625 ,     33.375 ,     140.0   ,0.025                ,  81.625 ,     9.0   ,1025.0   ,   100.0   ,   15.0   ,12.0     ,   15.0   ,  15.875 ,   15.0   ,         0.0 ,           0.0 ,          0.0 ,             0.0 ,             0.0 ,          0.0 ,             0.0 ,        0.0 ,         0.0 ,            0.0 ,   2.375
2023-09-27 ,     15.625 ,     9.125 ,     57.375 ,     132.5   ,0.0                  ,  76.0   ,    10.0   ,1025.5   ,    75.125 ,   15.625 ,11.625   ,   15.625 ,  12.375 ,   15.625 ,         0.0 ,           0.0 ,          0.0 ,             0.0 ,             0.0 ,          0.0 ,             0.0 ,        0.0 ,         0.0 ,            0.0 ,   2.5
2023-09-28 ,     15.375 ,     8.25  ,     59.5   ,     117.5   ,0.0                  ,  79.375 ,    10.0   ,1024.0   ,    58.875 ,   15.375 ,11.75    ,   15.125 ,  12.375 ,   15.125 ,         0.0 ,           0.0 ,          0.0 ,             0.0 ,             0.0 ,          0.0 ,             0.0 ,        0.0 ,         0.0 ,            0.0 ,   2.375
2023-09-29 ,     17.5   ,    10.0   ,     16.5   ,     149.0   ,0.0                  ,  86.625 ,    10.0   ,1021.0   ,    97.75  ,   17.5   ,15.375   ,   17.5   ,  13.5   ,   17.5   ,         0.0 ,           0.0 ,          0.0 ,             0.0 ,             0.0 ,          0.0 ,             0.0 ,        0.0 ,         0.0 ,            0.0 ,   2.5
2023-09-30 ,     17.625 ,    10.375 ,    153.875 ,     141.875 ,0.0125               ,  83.5   ,    10.0   ,1022.125 ,    97.0   ,   17.625 ,15.0     ,   17.625 ,  14.125 ,   17.625 ,         0.0 ,           0.0 ,          0.0 ,             0.0 ,             0.0 ,          0.0 ,             0.0 ,        0.0 ,         0.0 ,            0.0 ,   2.5
2023-10-01 ,     19.375 ,     6.875 ,     55.5   ,     117.125 ,0.0                  ,  71.875 ,     9.0   ,1023.625 ,    12.125 ,   19.625 ,13.375   ,   19.375 ,  10.5   ,   19.625 ,         0.0 ,           0.0 ,          0.0 ,             0.0 ,             0.0 ,          0.0 ,             0.0 ,        0.0 ,         0.0 ,            0.0 ,   3.25
2023-10-02 ,     21.125 ,     7.0   ,    172.5   ,     113.75  ,0.0                  ,  67.0   ,    10.0   ,1022.125 ,    14.125 ,   21.375 ,14.75    ,   21.125 ,  11.625 ,   21.375 ,         0.0 ,           0.0 ,          0.0 ,             0.0 ,             0.0 ,          0.0 ,             0.0 ,        0.0 ,         0.0 ,            0.0 ,   3.625
2023-10-03 ,     21.625 ,     4.0   ,    193.75  ,     113.75  ,0.0                  ,  68.5   ,    10.0   ,1021.25  ,    10.25  ,   21.875 ,15.25    ,   21.625 ,   7.125 ,   21.875 ,         0.0 ,           0.0 ,          0.0 ,             0.0 ,             0.0 ,          0.0 ,             0.0 ,        0.0 ,         0.0 ,            0.0 ,   3.625
2023-10-04 ,     20.75  ,     5.875 ,    176.125 ,     113.0   ,0.0                  ,  68.75  ,    10.0   ,1022.375 ,     0.0   ,   21.0   ,14.125   ,   20.75  ,  10.25  ,   21.0   ,         0.0 ,           0.0 ,          0.0 ,             0.0 ,             0.0 ,          0.0 ,             0.0 ,        0.0 ,         0.0 ,            0.0 ,   3.5
2023-10-05 ,     19.375 ,     8.0   ,    171.125 ,     113.75  ,0.0                  ,  72.125 ,    10.0   ,1022.5   ,     8.125 ,   20.0   ,14.0     ,   19.375 ,  12.5   ,   20.0   ,         0.0 ,           0.0 ,          0.0 ,             0.0 ,             0.0 ,          0.0 ,             0.0 ,        0.0 ,         0.0 ,            0.0 ,   3.125
2023-10-06 ,     20.875 ,     3.75  ,    170.75  ,     175.25  ,0.07500000000000001  ,  79.375 ,     9.875 ,1013.125 ,    57.375 ,   21.5   ,16.75    ,   20.875 ,   7.0   ,   21.5   ,         0.0 ,           0.0 ,          0.0 ,             0.0 ,             0.0 ,          0.0 ,             0.0 ,        0.0 ,         0.0 ,            0.0 ,   3.0
2023-10-07 ,     16.75  ,    15.375 ,    291.875 ,     142.25  ,0.0875               ,  66.875 ,     7.625 ,1008.875 ,    49.375 ,   16.75  ,9.625    ,   16.625 ,  22.0   ,   16.625 ,         0.0 ,           0.0 ,          0.0 ,             0.0 ,             0.0 ,          0.0 ,             0.0 ,        0.0 ,         0.0 ,            0.0 ,   2.75
2023-10-08 ,     11.125 ,    14.25  ,    279.0   ,     113.375 ,0.0                  ,  53.5   ,    10.0   ,1011.125 ,    14.25  ,   11.125 ,1.375    ,    9.625 ,  20.125 ,    9.625 ,         0.0 ,           0.0 ,          0.0 ,             0.0 ,             0.0 ,          0.0 ,             0.0 ,        0.0 ,         0.0 ,            0.0 ,   2.375
2023-10-09 ,     11.625 ,     9.875 ,    220.5   ,     131.0   ,0.025                ,  57.125 ,    10.0   ,1010.5   ,    53.125 ,   11.625 ,2.875    ,   10.75  ,  15.25  ,   10.75  ,         0.0 ,           0.0 ,          0.0 ,             0.0 ,             0.0 ,          0.0 ,             0.0 ,        0.0 ,         0.0 ,            0.0 ,   2.5
2023-10-10 ,     15.0   ,     9.875 ,    237.25  ,     121.25  ,0.0                  ,  62.75  ,    10.0   ,1008.375 ,    23.75  ,   15.125 ,7.125    ,   14.5   ,  15.125 ,   14.625 ,         0.0 ,           0.0 ,          0.0 ,             0.0 ,             0.0 ,          0.0 ,             0.0 ,        0.0 ,         0.0 ,            0.0 ,   2.75
2023-10-11 ,     14.25  ,     5.625 ,    253.75  ,     114.125 ,0.0                  ,  45.375 ,    10.0   ,1012.25  ,    17.625 ,   14.25  ,2.25     ,   14.125 ,   9.375 ,   14.125 ,         0.0 ,           0.0 ,          0.0 ,             0.0 ,             0.0 ,          0.0 ,             0.0 ,        0.0 ,         0.0 ,            0.0 ,   2.625
2023-10-12 ,     16.625 ,     3.625 ,    207.875 ,     113.75  ,0.0                  ,  48.375 ,    10.0   ,1013.125 ,    20.0   ,   17.0   ,5.375    ,   16.75  ,   5.75  ,   16.75  ,         0.0 ,           0.0 ,          0.0 ,             0.0 ,             0.0 ,          0.0 ,             0.0 ,        0.0 ,         0.0 ,            0.0 ,   3.0
2023-10-13 ,     16.0   ,     6.125 ,    120.625 ,     113.75  ,0.0                  ,  57.25  ,    10.0   ,1015.625 ,    20.625 ,   16.25  ,7.375    ,   16.0   ,   9.875 ,   16.0   ,         0.0 ,           0.0 ,          0.0 ,             0.0 ,             0.0 ,          0.0 ,             0.0 ,        0.0 ,         0.0 ,            0.0 ,   2.875
2023-10-14 ,     13.5   ,     6.625 ,    163.625 ,     206.0   ,0.21250000000000002  ,  84.25  ,     8.75  ,1008.125 ,    72.75  ,   13.5   ,10.75    ,   13.5   ,  10.75  ,   13.5   ,         0.0 ,           0.0 ,          0.0 ,             0.0 ,             0.0 ,          0.0 ,             0.0 ,        0.0 ,         0.0 ,            0.0 ,   2.25
2023-10-15 ,     11.875 ,    12.25  ,    339.0   ,     149.75  ,0.025                ,  78.375 ,     9.0   ,1002.875 ,    81.875 ,   11.875 ,7.75     ,   10.5   ,  17.75  ,   10.5   ,         0.0 ,           0.0 ,          0.0 ,             0.0 ,             0.0 ,          0.0 ,             0.0 ,        0.0 ,         0.0 ,            0.0 ,   2.125
2023-10-16 ,     10.25  ,    10.125 ,    310.125 ,     160.25  ,0.025                ,  71.875 ,    10.0   ,1007.5   ,    49.0   ,   10.25  ,5.125    ,    8.75  ,  15.25  ,    8.75  ,         0.0 ,           0.0 ,          0.0 ,             0.0 ,             0.0 ,          0.0 ,             0.0 ,        0.0 ,         0.0 ,            0.0 ,   2.0
2023-10-17 ,     12.5   ,     9.875 ,    323.625 ,     130.25  ,0.0125               ,  71.625 ,    10.0   ,1013.0   ,    45.875 ,   12.5   ,7.0      ,   11.75  ,  15.125 ,   11.75  ,         0.0 ,           0.0 ,          0.0 ,             0.0 ,             0.0 ,          0.0 ,             0.0 ,        0.0 ,         0.0 ,            0.0 ,   2.375
2023-10-18 ,     14.5   ,     4.875 ,    231.25  ,     115.625 ,0.0                  ,  57.75  ,    10.0   ,1020.25  ,    42.625 ,   14.5   ,5.875    ,   14.375 ,   8.0   ,   14.375 ,         0.0 ,           0.0 ,          0.0 ,             0.0 ,             0.0 ,          0.0 ,             0.0 ,        0.0 ,         0.0 ,            0.0 ,   2.75
2023-10-19 ,     14.75  ,    11.75  ,    183.125 ,     113.75  ,0.0                  ,  67.25  ,    10.0   ,1018.0   ,    14.625 ,   15.0   ,8.0      ,   14.25  ,  18.375 ,   14.25  ,         0.0 ,           0.0 ,          0.0 ,             0.0 ,             0.0 ,          0.0 ,             0.0 ,        0.0 ,         0.0 ,            0.0 ,   2.75
2023-10-20 ,     15.625 ,    10.625 ,    193.25  ,     185.75  ,0.3125               ,  81.25  ,     7.375 ,1006.75  ,    67.5   ,   15.875 ,11.875   ,   15.25  ,  15.75  ,   15.5   ,         0.0 ,           0.0 ,          0.0 ,             0.0 ,             0.0 ,          0.0 ,             0.0 ,        0.0 ,         0.0 ,            0.0 ,   2.5
2023-10-21 ,     12.875 ,    17.125 ,    297.125 ,     123.5   ,0.0                  ,  69.25  ,    10.0   ,1000.75  ,    47.625 ,   12.875 ,7.25     ,   11.75  ,  24.875 ,   11.75  ,         0.0 ,           0.0 ,          0.0 ,             0.0 ,             0.0 ,          0.0 ,             0.0 ,        0.0 ,         0.0 ,            0.0 ,   2.625
2023-10-22 ,     12.25  ,    14.375 ,    287.125 ,     141.875 ,0.08750000000000001  ,  64.125 ,     9.0   ,1008.125 ,    43.75  ,   12.25  ,4.75     ,   10.875 ,  20.625 ,   10.875 ,         0.0 ,           0.0 ,          0.0 ,             0.0 ,             0.0 ,          0.0 ,             0.0 ,        0.0 ,         0.0 ,            0.0 ,   2.125
2023-10-23 ,     10.5   ,    13.5   ,    289.0   ,     113.0   ,0.0                  ,  50.125 ,    10.0   ,1021.75  ,     0.125 ,   10.5   ,0.0      ,    8.75  ,  19.375 ,    8.75  ,         0.0 ,           0.0 ,          0.0 ,             0.0 ,             0.0 ,          0.0 ,             0.0 ,        0.0 ,         0.0 ,            0.0 ,   2.375
2023-10-24 ,     12.25  ,     6.375 ,    183.75  ,     113.0   ,0.0                  ,  49.875 ,    10.0   ,1027.25  ,     3.875 ,   12.25  ,1.5      ,   12.125 ,  10.75  ,   12.125 ,         0.0 ,           0.0 ,          0.0 ,             0.0 ,             0.0 ,          0.0 ,             0.0 ,        0.0 ,         0.0 ,            0.0 ,   2.625
2023-10-25 ,     15.0   ,     9.0   ,    204.0   ,     114.875 ,0.0                  ,  49.625 ,    10.0   ,1026.5   ,    27.875 ,   15.0   ,3.75     ,   14.5   ,  15.75  ,   14.5   ,         0.0 ,           0.0 ,          0.0 ,             0.0 ,             0.0 ,          0.0 ,             0.0 ,        0.0 ,         0.0 ,            0.0 ,   2.875
2023-10-26 ,     17.0   ,     5.5   ,    221.625 ,     116.0   ,0.0                  ,  50.25  ,    10.0   ,1024.375 ,    39.75  ,   17.25  ,6.25     ,   17.125 ,  10.375 ,   17.375 ,         0.0 ,           0.0 ,          0.0 ,             0.0 ,             0.0 ,          0.0 ,             0.0 ,        0.0 ,         0.0 ,            0.0 ,   3.125
2023-10-27 ,     20.625 ,     7.5   ,    228.625 ,     113.75  ,0.0                  ,  64.5   ,    10.0   ,1020.375 ,    21.25  ,   20.875 ,13.0     ,   20.625 ,  13.375 ,   20.875 ,         0.0 ,           0.0 ,          0.0 ,             0.0 ,             0.0 ,          0.0 ,             0.0 ,        0.0 ,         0.0 ,            0.0 ,   3.375
2023-10-28 ,     22.125 ,     7.75  ,    292.25  ,     116.375 ,0.0                  ,  65.5   ,    10.0   ,1018.625 ,    49.0   ,   22.875 ,15.0     ,   22.125 ,  11.75  ,   22.875 ,         0.0 ,           0.0 ,          0.0 ,             0.0 ,             0.0 ,          0.0 ,             0.0 ,        0.0 ,         0.0 ,            0.0 ,   3.5
2023-10-29 ,     18.5   ,     9.125 ,     75.0   ,     190.25  ,0.1125               ,  86.75  ,     8.375 ,1017.5   ,    72.125 ,   18.875 ,16.0     ,   18.5   ,  13.0   ,   18.875 ,         0.0 ,           0.0 ,          0.0 ,             0.0 ,             0.0 ,          0.0 ,             0.0 ,        0.0 ,         0.0 ,            0.0 ,   2.75
2023-10-30 ,     16.5   ,    10.0   ,    274.875 ,     141.5   ,0.025                ,  80.5   ,    10.0   ,1012.625 ,    90.25  ,   16.5   ,13.125   ,   15.875 ,  13.25  ,   15.875 ,         0.0 ,           0.0 ,          0.0 ,             0.0 ,             0.0 ,          0.0 ,             0.0 ,        0.0 ,         0.0 ,            0.0 ,   2.5
2023-10-31 ,      8.875 ,     9.875 ,    179.125 ,     121.625 ,0.0                  ,  48.875 ,    10.0   ,1018.5   ,    25.5   ,    8.875 ,-1.625   ,    7.625 ,  12.75  ,    7.625 ,         0.0 ,           0.0 ,          0.0 ,             0.0 ,             0.0 ,          0.0 ,             0.0 ,        0.0 ,         0.0 ,            0.0 ,   2.25
2023-11-01 ,      6.875 ,    15.25  ,    322.5   ,     114.875 ,0.0                  ,  50.875 ,    10.0   ,1018.5   ,    33.75  ,    6.875 ,-3.25    ,    4.125 ,  20.75  ,    4.125 ,         0.0 ,           0.0 ,          0.0 ,             0.0 ,             0.0 ,          0.0 ,             0.0 ,        0.0 ,         0.0 ,            0.0 ,   1.75
